,Renewable energy consumption (% of total final energy consumption),Renewable electricity output (% of total electricity output),CO2 emissions from gaseous fuel consumption (% of total),Methane emissions (% change from 1990)
count,24.0,24.0,24.0,22.0
mean,0.04054033175,0.0,39.824189035083336,95.42889538145455
std,0.08467237995342093,0.0,9.95908986456055,46.99632181556151
min,0.0,0.0,4.020878322,-56.73330074
25%,0.0,0.0,37.021399105,85.21742941
50%,0.0,0.0,39.078317625,94.480780055
75%,0.044575503249999995,0.0,44.196283745,131.268756425
max,0.354049306,0.0,54.24799939,143.509866
